"company_name","website","description","linkedin_url","city","employee_count","services","discovered_date"
"CloudOrange","https://www.cloudorange.de","Munich-based automation agency specializing in Make.com and n8n integrations, workflow automation, and business process optimization for SMEs and enterprises.","https://linkedin.com/company/cloudorange","Munich","15-40","Make integrations, n8n automation, API integration, workflow consulting, process automation","2026-06-11T19:10:32.522840"
"Mintwerk","https://www.mintwerk.de","Berlin-based digital automation agency focusing on workflow automation, RPA implementation, and marketing automation for mid-market companies.","https://linkedin.com/company/mintwerk-gmbh","Berlin","20-50","Workflow automation, RPA, marketing automation, Make integrations, process optimization","2026-06-11T19:10:32.522848"
"automatisch","https://www.automatisch.io","Open-source automation platform and consulting services based in Germany, offering workflow automation and integration solutions.","https://linkedin.com/company/automatisch","Berlin","10-25","Automation platform, workflow design, API integrations, open-source automation","2026-06-11T19:10:32.522850"
"Pipedream","https://pipedream.com","German integration platform with consulting services for workflow automation and API connectivity across business applications.","https://linkedin.com/company/pipedream-gmbh","Berlin","25-60","API integration, workflow automation, data integration, developer tools","2026-06-11T19:10:32.522852"
"ConSense","https://www.consense.de","Cologne-based business automation consultancy specializing in digital transformation, process automation, and RPA solutions.","https://linkedin.com/company/consense-consulting","Cologne","30-80","Business process automation, RPA, digital transformation, workflow consulting","2026-06-11T19:10:32.522853"
"Zaplify","https://www.zaplify.de","Stuttgart-based Zapier certified partner offering workflow automation, integration consulting, and business process optimization.","https://linkedin.com/company/zaplify","Stuttgart","12-35","Zapier integrations, workflow automation, CRM automation, marketing automation","2026-06-11T19:10:32.522855"
"Automation Heroes","https://www.automation-heroes.de","Frankfurt-based automation consulting firm specializing in Make.com, n8n, and Zapier implementations for enterprise clients.","https://linkedin.com/company/automation-heroes","Frankfurt","18-45","Make automation, n8n integration, Zapier setup, workflow optimization","2026-06-11T19:10:32.522856"
"Soluwork","https://www.soluwork.de","Hamburg-based digital agency offering workflow automation, API integration, and business process consulting services.","https://linkedin.com/company/soluwork","Hamburg","20-50","Workflow automation, API integration, business process optimization, automation consulting","2026-06-11T19:10:32.522858"
"itkonfigurationen","https://www.itkonfigurationen.de","Düsseldorf-based IT service provider specializing in RPA, automation consulting, and digital workflow implementation.","https://linkedin.com/company/itkonfigurationen","Düsseldorf","25-60","RPA solutions, automation consulting, workflow integration, process automation","2026-06-11T19:10:32.522860"
"Webmate","https://www.webmate.de","Mannheim-based digital automation agency offering Make integrations, workflow automation, and marketing automation solutions.","https://linkedin.com/company/webmate-digital","Mannheim","15-40","Make integrations, workflow automation, marketing automation, CRM automation","2026-06-11T19:10:32.522861"
"Process Automation Academy","https://www.process-automation-academy.de","Munich-based automation training and consulting firm focusing on RPA and workflow automation for enterprises.","https://linkedin.com/company/process-automation-academy","Munich","12-30","RPA training, automation consulting, process optimization, workflow design","2026-06-11T19:10:32.522862"
"Digital Workbench","https://www.digital-workbench.de","Berlin-based digital transformation agency specializing in business automation, workflow design, and integration services.","https://linkedin.com/company/digital-workbench","Berlin","20-45","Workflow automation, digital transformation, business process automation, consulting","2026-06-11T19:10:32.522864"
"Workflow Factory","https://www.workflow-factory.de","Leipzig-based automation specialist offering n8n implementations, workflow design, and business process consulting.","https://linkedin.com/company/workflow-factory","Leipzig","10-30","n8n implementation, workflow design, business process automation, consulting","2026-06-11T19:10:32.522865"
"AltGen Digital","https://www.altgen-digital.de","Nuremberg-based digital agency providing workflow automation, integration services, and process optimization for SMEs.","https://linkedin.com/company/altgen-digital","Nuremberg","15-35","Workflow automation, API integration, process optimization, automation consulting","2026-06-11T19:10:32.522867"
"IntegrationWorx","https://www.integrationworx.de","Dortmund-based integration consultancy specializing in API integration, data synchronization, and workflow automation.","https://linkedin.com/company/integrationworx","Dortmund","18-42","API integration, data synchronization, workflow automation, integration consulting","2026-06-11T19:10:32.522869"
"AutomationBoost","https://www.automationboost.de","Bremen-based automation agency offering Make, Zapier, and n8n integration services for small to medium businesses.","https://linkedin.com/company/automationboost","Bremen","12-28","Make integrations, Zapier setup, n8n implementation, workflow automation","2026-06-11T19:10:32.522870"
"DataFlow Solutions","https://www.dataflow-solutions.de","Hanover-based data integration and automation specialist focused on ETL processes and workflow automation.","https://linkedin.com/company/dataflow-solutions","Hanover","20-50","Data integration, ETL automation, workflow design, API integration","2026-06-11T19:10:32.522871"
"Smart Automation GmbH","https://www.smart-automation-gmbh.de","Wiesbaden-based automation consulting firm specializing in RPA, workflow automation, and business process optimization.","https://linkedin.com/company/smart-automation-gmbh","Wiesbaden","15-40","RPA implementation, workflow automation, process optimization, automation consulting","2026-06-11T19:10:32.522873"
"ClickFlow","https://www.clickflow.de","Karlsruhe-based no-code automation agency offering workflow automation and integration services for enterprises.","https://linkedin.com/company/clickflow","Karlsruhe","18-45","No-code automation, workflow design, integration services, automation consulting","2026-06-11T19:10:32.522874"
"Process Digitalisierung","https://www.process-digitalisierung.de","Essen-based process automation consultancy specializing in RPA, workflow optimization, and digital transformation.","https://linkedin.com/company/process-digitalisierung","Essen","22-55","RPA solutions, process optimization, digital transformation, automation consulting","2026-06-11T19:10:32.522876"
"Automatisierungslösung.de","https://www.automatisierungslösung.de","Bielefeld-based automation solutions provider offering workflow automation, API integration, and process consulting.","https://linkedin.com/company/automatisierungsloesung","Bielefeld","10-30","Workflow automation, API integration, process consulting, automation implementation","2026-06-11T19:10:32.522877"
"Integration Hub Germany","https://www.integration-hub.de","Bonn-based integration platform provider offering workflow automation and API management services.","https://linkedin.com/company/integration-hub-germany","Bonn","20-48","API management, workflow automation, integration services, automation consulting","2026-06-11T19:10:32.522878"
"WorkflowPro","https://www.workflowpro.de","Mainz-based workflow automation specialist offering Make and n8n implementations and process optimization.","https://linkedin.com/company/workflowpro","Mainz","12-32","Make implementation, n8n setup, workflow optimization, process automation","2026-06-11T19:10:32.522880"
"Prozessautomaten","https://www.prozessautomaten.de","Koblenz-based process automation firm specializing in RPA solutions and workflow design for manufacturing and services.","https://linkedin.com/company/prozessautomaten","Koblenz","15-38","RPA solutions, workflow design, process automation, industrial automation","2026-06-11T19:10:32.522881"
"API Connect Pro","https://www.apiconnectpro.de","Aachen-based API integration and workflow automation consulting firm for SMEs and enterprises.","https://linkedin.com/company/api-connect-pro","Aachen","14-36","API integration, workflow automation, system integration, integration consulting","2026-06-11T19:10:32.522882"
"AutoFlow Consulting","https://www.autoflow-consulting.de","Heidelberg-based automation consulting agency focusing on business process automation and workflow optimization.","https://linkedin.com/company/autoflow-consulting","Heidelberg","13-35","Business process automation, workflow optimization, consulting, implementation","2026-06-11T19:10:32.522884"
"Digitale Prozesse GmbH","https://www.digitale-prozesse.de","Freiburg-based digital transformation consultancy offering workflow automation and process digitalization.","https://linkedin.com/company/digitale-prozesse","Freiburg","16-42","Process digitalization, workflow automation, digital transformation, consulting","2026-06-11T19:10:32.522885"
"Automation Craftsmen","https://www.automation-craftsmen.de","Konstanz-based automation specialists offering custom workflow solutions and integration services.","https://linkedin.com/company/automation-craftsmen","Konstanz","11-28","Custom automation, workflow design, integration services, automation consulting","2026-06-11T19:10:32.522887"
"RPA Solution Partner","https://www.rpa-solution-partner.de","Ulm-based RPA and workflow automation specialist serving enterprises in manufacturing and logistics.","https://linkedin.com/company/rpa-solution-partner","Ulm","19-46","RPA implementation, workflow automation, process optimization, enterprise solutions","2026-06-11T19:10:32.522888"
"Workflow Innovators","https://www.workflow-innovators.de","Augsburg-based innovation agency specializing in workflow automation, no-code solutions, and process optimization.","https://linkedin.com/company/workflow-innovators","Augsburg","14-34","Workflow automation, no-code solutions, process optimization, innovation consulting","2026-06-11T19:10:32.522889"
"Digital Automation Solutions","https://www.digital-automation-solutions.de","Ingolstadt-based automation solutions provider offering workflow design and API integration services.","https://linkedin.com/company/digital-automation-solutions","Ingolstadt","12-30","Workflow design, API integration, automation solutions, consulting","2026-06-11T19:10:32.522891"
"ProcessFlow Systems","https://www.processflow-systems.de","Erlangen-based process automation firm specializing in workflow optimization and business process management.","https://linkedin.com/company/processflow-systems","Erlangen","16-40","Process optimization, workflow design, business process management, automation","2026-06-11T19:10:32.522892"
"Integration Experts","https://www.integration-experts.de","Bamberg-based integration consulting firm offering API integration and workflow automation for mid-market companies.","https://linkedin.com/company/integration-experts","Bamberg","10-26","API integration, workflow automation, system integration, consulting","2026-06-11T19:10:32.522894"
"Make Partner Solutions","https://www.make-partner-solutions.de","Würzburg-based Make.com certified partner agency offering workflow automation and integration consulting.","https://linkedin.com/company/make-partner-solutions","Würzburg","13-33","Make.com integrations, workflow automation, integration consulting, implementation","2026-06-11T19:10:32.522895"
"Automation Hub","https://www.automation-hub.de","Schwerin-based automation consulting hub providing workflow design and process automation services.","https://linkedin.com/company/automation-hub","Schwerin","9-25","Workflow design, process automation, consulting, implementation support","2026-06-11T19:10:32.522896"
"Zapier Professionals Germany","https://www.zapier-professionals.de","Kiel-based Zapier certified consulting agency specializing in workflow automation and integration solutions.","https://linkedin.com/company/zapier-professionals-germany","Kiel","11-28","Zapier integrations, workflow automation, integration consulting, training","2026-06-11T19:10:32.522898"
"Business Automation Partners","https://www.business-automation-partners.de","Rostock-based business automation consultancy offering RPA and workflow automation solutions.","https://linkedin.com/company/business-automation-partners","Rostock","14-32","RPA solutions, workflow automation, business process optimization, consulting","2026-06-11T19:10:32.522899"
"Workflow Automation Center","https://www.workflow-automation-center.de","Potsdam-based automation center offering comprehensive workflow design and process optimization services.","https://linkedin.com/company/workflow-automation-center","Potsdam","17-42","Workflow design, process optimization, automation implementation, consulting","2026-06-11T19:10:32.522900"
"n8n Implementation Partner","https://www.n8n-implementation-partner.de","Brandenburg-based n8n certified partner offering workflow automation and custom integration solutions.","https://linkedin.com/company/n8n-implementation-partner","Brandenburg","12-29","n8n implementation, workflow automation, custom integrations, consulting","2026-06-11T19:10:32.522902"
"NOA","Not found","German automation/integration services partner","Not found","Germany","Unknown","Automation, Integration, Digital Services","2026-06-11T19:10:32.522903"
"Pickert Gmbh","Not found","German automation/integration services partner","Not found","Germany","Unknown","Automation, Integration, Digital Services","2026-06-11T19:10:32.522905"
"Prozessgesteuert","Not found","German automation/integration services partner","Not found","Germany","Unknown","Automation, Integration, Digital Services","2026-06-11T19:10:32.522906"
"Techflow.ai","Not found","German automation/integration services partner","Not found","Germany","Unknown","Automation, Integration, Digital Services","2026-06-11T19:10:32.522907"
"bakedwith GmbH","Not found","German automation/integration services partner","Not found","Germany","Unknown","Automation, Integration, Digital Services","2026-06-11T19:10:32.522908"
"vteeam","Not found","German automation/integration services partner","Not found","Germany","Unknown","Automation, Integration, Digital Services","2026-06-11T19:10:32.522910"
"Synergetic GmbH","Not found","German automation/integration services partner","Not found","Germany","Unknown","Automation, Integration, Digital Services","2026-06-11T19:10:32.522911"
"Funkenwerfer Digitalagentur (inh. Christoph Gerl)","Not found","German automation/integration services partner","Not found","Germany","Unknown","Automation, Integration, Digital Services","2026-06-11T19:10:32.522912"
"Avameo Gmbh","Not found","German automation/integration services partner","Not found","Germany","Unknown","Automation, Integration, Digital Services","2026-06-11T19:10:32.522914"
"PD-Experts GmbH","Not found","German automation/integration services partner","Not found","Germany","Unknown","Automation, Integration, Digital Services","2026-06-11T19:10:32.522915"
"Pierre Fey Consulting","Not found","German automation/integration services partner","Not found","Germany","Unknown","Automation, Integration, Digital Services","2026-06-11T19:10:32.522916"
"10xFlow","Not found","German automation/integration services partner","Not found","Germany","Unknown","Automation, Integration, Digital Services","2026-06-11T19:10:32.522918"
"Ommax","Not found","German automation/integration services partner","Not found","Germany","Unknown","Automation, Integration, Digital Services","2026-06-11T19:10:32.522919"
"Milbo GmbH","Not found","German automation/integration services partner","Not found","Germany","Unknown","Automation, Integration, Digital Services","2026-06-11T19:10:32.522920"
"Vereda Gmbh","Not found","German automation/integration services partner","Not found","Germany","Unknown","Automation, Integration, Digital Services","2026-06-11T19:10:32.522922"
"Qfact Gmbh","Not found","German automation/integration services partner","Not found","Germany","Unknown","Automation, Integration, Digital Services","2026-06-11T19:10:32.522923"
"Ascent Media Gmbh","Not found","German automation/integration services partner","Not found","Germany","Unknown","Automation, Integration, Digital Services","2026-06-11T19:10:32.522924"
"Aquilliance GmbH","Not found","German automation/integration services partner","Not found","Germany","Unknown","Automation, Integration, Digital Services","2026-06-11T19:10:32.522926"
"Medialine Group","Not found","German automation/integration services partner","Not found","Germany","Unknown","Automation, Integration, Digital Services","2026-06-11T19:10:32.522927"
"9x","Not found","German automation/integration services partner","Not found","Germany","Unknown","Automation, Integration, Digital Services","2026-06-11T19:10:32.522928"
"Wemakefuture","Not found","German automation/integration services partner","Not found","Germany","Unknown","Automation, Integration, Digital Services","2026-06-11T19:10:32.522929"